[
  {
    "fullname": "Nugroho Adnan",
    "email": "adaoho@mail.com",
    "password": "12345678",
    "imageUrl": "https://source.unsplash.com/random/600x600/?person-potrait-1",
    "age": 25,
    "phoneNumber": "0217407080",
    "address": "South Tangerang Pamulang 2"
  },
  {
    "fullname": "Adnan Nugroho",
    "email": "ohoada@mail.com",
    "password": "12345678",
    "imageUrl": "https://source.unsplash.com/random/600x600/?person-potrait-2",
    "age": 25,
    "phoneNumber": "0217407080",
    "address": "South Tangerang Pamulang 2"
  }
]
